distinct_id,reg_date,first_pay_time,last_month_total_pay,killer_game_num,killer_game_duration,killer_with_friend_num,friend_num,dia_amount,killer_diamond,gift_amount
70734741,2017-11-28 15:43:00,2018-02-21 12:15:31.536,1778,258,1433.879,231,65,17776,222,2649
60780819,,2017-10-20 02:57:39.989,11468,48,146.934,10,25,162041,,103224
89791146,2017-07-31 23:33:00,2017-08-18 22:03:41.451,2185,280,1622.610,269,21,21850,,352
98215842,2017-06-01 17:47:00,2018-01-04 00:27:37.506,8629,13,40.114,,9,86291,,7
80166235,2017-02-28 17:04:00,2018-05-20 03:05:26.176,8658,3,2.246,,17,86582,,70402
54729842,2017-11-24 02:35:47,2020-05-08 17:40:43.684,2178,117,811.557,51,3,15244,,
147159254,2020-12-15 11:33:11,2020-12-16 15:47:48.582,2986,19,67.402,,6,29860,,
99468808,2019-03-13 06:41:02,2019-07-09 00:01:52.356,1329,26,84.611,,41,13342,,1111
105061310,2020-02-17 22:22:16,2020-03-20 14:03:40.693,13222,10,25.013,5,126,132037,,121543
56473446,2017-02-22 19:25:00,2017-05-26 16:28:54.923,4455,28,146.282,3,87,44600,100,19800
20932386,2018-09-06 19:55:08,2018-12-20 23:29:59.123,11172,16,44.862,16,122,111720,,50904
69558732,2017-12-12 15:55:52,2018-02-03 01:21:52.387,1874,95,364.443,5,7,18722,,11343
125913460,2021-01-08 08:14:42,2021-01-08 17:58:29.345,1645,490,3649.949,118,48,16450,,5348
45796586,2017-03-13 23:12:00,2017-03-26 20:42:53.133,7760,38,120.676,12,42,77867,,51995
34270309,2017-08-05 21:49:00,2017-10-22 23:50:21.365,8662,18,67.333,,37,87107,,17812
149251484,2020-04-21 22:54:52,2020-04-24 02:02:22.023,8802,2,9.625,,14,88020,,1
44052065,2017-04-11 13:16:00,2019-04-17 18:08:27.125,1632,18,69.236,,18,16282,100,553
78394607,2017-11-26 17:27:00,2020-03-01 00:21:53.653,3766,2,3.569,,31,37077,,27556
89181752,2019-01-17 15:21:37,2019-02-07 23:57:07.76,1137,4,8.129,,142,11380,,18
60102094,2019-10-15 13:54:11,2019-10-15 14:06:52.622,2191,1,3.093,,21,21878,,677
69999371,2017-06-11 23:54:00,2017-12-22 19:18:36.569,1468,270,924.155,262,8,14672,60,970
128809197,2020-12-22 14:04:35,2020-12-22 20:35:44.266,1290,3,8.572,,2,12155,,31
119642215,2020-08-28 21:28:36,2020-09-02 21:31:35.754,6896,3,10.070,,27,68964,,4765
79231967,2019-10-05 17:52:09,2020-01-11 00:48:34.348,3432,42,225.916,14,31,33435,60,17313
123694130,2020-12-02 00:25:02,2020-12-05 19:47:02.918,2290,19,96.566,3,117,22900,,20780
83590852,2017-08-18 09:28:00,2017-08-18 09:57:36.55,6561,4,10.515,,46,66482,,47597
56906778,2017-04-11 10:40:00,2019-01-15 00:13:04.86,2262,2,8.438,,,22670,,265
84525182,2017-07-03 20:51:00,2017-07-10 20:14:34.888,14262,23,106.152,4,43,142607,,104758
147416930,2020-12-22 13:17:46,2020-12-23 00:14:45.884,1852,23,99.151,20,78,18520,,17990
137085269,2020-10-25 23:59:54,2020-11-18 14:53:18.63,1524,26,113.498,25,159,15244,,12623
106576810,2020-02-04 21:10:49,2020-02-24 00:53:36.446,2420,18,68.366,,35,24220,,20882
80143498,2017-04-02 17:44:00,2017-04-05 21:16:34.641,11326,107,904.743,19,35,113264,385,14260
54895999,2017-12-25 21:57:07,2018-02-08 17:48:16.371,1085,4,13.467,,13,11067,,941
56382045,2017-11-28 16:03:08,2020-03-30 21:04:04.944,2148,3,10.402,,43,21306,,16946
67793086,2017-12-16 23:55:00,2017-12-21 09:15:49.443,9602,8,27.408,8,43,95809,,76482
124590475,2020-11-22 16:41:35,2021-01-01 02:34:05.143,6015,381,1670.417,145,113,57766,800,1527
84463509,,2017-05-19 16:14:51.027,15663,9,50.728,9,182,156629,,239
60114411,2017-03-06 12:13:00,2017-07-02 14:34:43.727,8624,98,376.369,95,5,87281,178,30576
56951983,2018-10-24 19:46:31,2018-11-08 10:25:59.618,7154,1,4.103,,10,73423,,29356
20409474,2017-03-30 13:12:00,2017-07-15 10:23:49.936,1583,7,37.187,,40,15832,,20
96159688,2017-04-11 21:08:00,2019-08-05 10:18:38.805,1776,1,1.821,,4,17683,,781
76257899,2018-03-02 11:54:32,2018-07-25 16:58:47.363,8680,7,20.604,7,34,87451,20,60573
75128721,2017-12-07 16:31:27,2020-05-20 05:21:00.05,2415,86,337.257,5,53,24150,,7
76485165,2019-04-11 12:08:55,2019-06-20 13:08:47.387,1424,1,2.853,,17,14241,,14073
68308503,2019-01-14 22:05:00,2020-11-15 12:31:11.892,10066,7,25.846,6,67,100660,,91082
118029107,2020-04-08 18:04:21,2020-04-08 18:06:23.268,11202,17,51.516,12,35,112394,,103118
68841480,2019-12-29 22:34:46,2020-01-19 02:21:25.868,2359,133,484.158,114,55,23601,200,5532
36086495,2018-09-20 09:15:10,2018-09-27 09:56:02.298,8540,7,28.750,7,7,85457,,1862
49478419,2017-09-03 10:53:00,2018-05-04 11:56:59.844,14180,29,150.080,,10,137271,,797
76807085,2018-06-06 14:04:00,2020-02-04 16:33:48.849,7787,20,107.284,8,86,75661,,42328
81008627,2017-12-26 20:46:38,2020-11-20 02:55:47.712,9256,3,8.201,3,40,92521,,53192
52958179,2017-09-09 09:50:00,2018-08-28 08:29:42.196,1363,8,49.784,,1,13644,,1
26358990,2017-05-08 16:08:00,2017-06-11 23:09:53.126,7416,3,16.933,3,23,74344,,36399
14354141,2017-12-09 13:41:53,2018-01-28 02:26:26.512,6846,1,0.778,,2,68373,,
141813514,2020-04-26 16:29:14,2020-04-30 21:38:19.241,8670,52,286.238,51,75,87005,,27053
141497149,2021-01-03 14:57:13,2021-01-03 15:25:29.127,2089,1,3.987,,5,20888,,1
139994449,2020-10-22 11:51:37,2020-10-22 16:05:49.852,11547,87,313.631,87,67,115470,,35995
15564756,2017-03-07 09:54:00,2017-08-01 13:43:57.12,5623,2,4.532,2,15,56321,,1741
17423759,,2017-04-30 12:44:52.206,1345,20,168.068,2,32,13445,90,9397
115531316,2020-09-04 15:49:51,2020-09-05 01:01:55.375,1212,9,53.794,,100,12117,,7236
141263179,2020-11-16 02:03:54,2020-12-13 06:45:58.307,779,50,323.276,2,7,5456,,69
106509918,2020-02-26 13:18:06,2020-02-27 13:10:59.696,124,116,1100.309,41,9,1239,,
74521053,2018-12-24 21:41:37,2018-12-25 21:25:26.884,7916,2,2.954,,18,68353,,2818
101663694,2020-02-21 23:40:23,2020-02-22 16:14:18.175,1238,87,650.683,57,14,12377,60,5
134100346,2020-03-21 00:07:34,2020-03-27 13:52:07.229,13256,42,24.688,42,9,132557,,64459
79488150,2018-07-04 21:02:03,2018-07-10 21:54:59.132,9490,14,53.047,2,48,94882,,64045
25731862,2019-07-29 14:46:14,2019-09-02 18:53:05.668,7060,10,61.755,10,41,70639,,64780
78755203,2017-12-02 21:43:51,2018-03-13 00:53:25.933,1689,38,117.660,,3,16855,,2460
75083261,2018-06-25 13:30:26,2018-06-27 02:11:21.98,3150,4,19.477,,50,31455,,13305
116647309,2020-03-29 21:37:31,2020-03-30 14:29:10.383,924,5,17.824,4,9,9231,,14
50470589,2019-12-11 21:15:14,2020-01-28 10:25:48.357,9397,134,1122.714,89,229,93843,1680,75942
39540180,2017-04-25 12:07:00,2017-11-29 23:21:34.122,10656,68,297.986,54,36,61607,,34811
48200048,2017-11-23 00:48:46,2018-08-26 04:11:45.327,7116,50,137.587,1,32,71160,,62574
119512252,2020-12-28 23:47:21,2020-12-28 23:48:48.476,6432,1,9.312,1,17,64318,,57874
20870488,2019-10-30 23:55:01,2019-11-02 11:42:21.361,1074,17,48.241,4,17,10723,,5
43261126,2017-10-08 16:09:00,2017-10-15 10:07:02.12,1588,19,155.919,16,9,15885,820,11881
135230542,2020-09-29 20:10:33,2020-10-22 10:03:32.9,489,24,99.921,1,17,4889,,4715
45176503,2017-03-24 00:25:00,2017-04-11 17:05:06.678,15878,6,17.719,5,72,144130,,103827
38499158,2019-02-25 19:54:32,2019-08-11 22:00:42.191,1647,35,97.449,19,9,16460,,1433
68539292,2017-02-02 20:11:00,2021-01-05 01:10:47.919,8666,1,8.026,,22,86643,,63974
117302409,2020-09-15 19:12:12,2020-12-07 18:17:50.896,13630,2,4.556,,19,136287,,86448
148434004,2020-12-16 19:09:12,2020-12-16 19:11:41.679,1512,17,48.259,14,57,15099,,181
141950734,2020-11-05 07:27:08,2020-12-09 13:57:54.058,10400,224,1613.118,67,13,70045,9877,
83023154,2018-03-03 22:35:05,2020-03-11 16:33:15.848,3892,1,25.031,1,,38920,,3
65919948,2017-02-07 00:54:00,2017-03-22 07:46:50.019,15280,54,151.665,20,14,153583,,134959
25086009,2018-08-14 13:44:43,2018-12-30 01:10:45.897,1754,1,7.925,1,43,17550,,15241
31638784,2019-07-11 22:42:10,2019-07-14 23:41:56.782,9904,64,230.314,61,32,92203,,70138
53659659,2017-07-26 21:23:00,2020-02-08 10:26:19.903,6266,12,46.952,,25,62908,,9416
37521353,,2017-01-17 16:59:55.189,12898,55,193.847,47,34,129300,,11
26676694,2020-01-26 03:19:10,2020-11-23 06:03:28.206,2641,33,105.014,,8,26437,,
147954484,2021-01-10 22:47:18,2021-01-12 22:07:28.931,11020,389,2759.593,168,63,110192,1435,93807
73850700,2017-06-24 17:48:00,2020-08-14 17:36:36.701,492,39,143.560,1,16,4920,,1780
79434066,2019-06-02 11:46:04,2019-06-22 11:15:02.642,2533,89,385.327,86,15,24881,180,9290
43243815,2017-05-21 01:06:00,2018-05-19 19:12:03.155,3559,1,4.459,,62,35590,,297
67886152,2017-08-21 14:09:00,2017-08-23 16:11:31.97,1396,114,775.436,103,3,13952,30,149
143467725,2020-06-02 22:07:49,2020-06-03 08:56:48.72,9004,21,73.909,8,136,87565,,76646
71431091,2018-06-14 10:35:10,2018-06-18 13:29:28.678,13015,1,0.966,,7,127766,,10
69268721,2017-10-25 20:56:00,2018-01-10 23:46:03.748,2341,6,23.956,,122,23402,,1
112916789,2020-12-07 00:10:37,2020-12-09 16:20:20.022,7228,57,357.253,21,40,72257,,65828
117795877,2020-05-13 20:33:11,2020-05-26 19:43:01.772,7897,1,3.110,,85,78151,,52360
49212747,2017-08-21 17:53:00,2018-11-15 11:14:20.088,9740,18,54.099,,9,106511,,101580
95252101,2017-03-26 22:52:00,2017-07-10 14:23:37.875,4610,9,61.856,9,34,45999,,6133
98338731,2018-03-27 21:00:06,2018-11-27 17:26:53.553,7266,55,36.098,55,57,72700,,5042
117166322,2020-05-07 03:46:05,2020-05-21 19:04:42.018,14075,384,1525.332,215,77,141420,,122681
27617269,2019-08-16 08:04:37,2019-08-20 13:30:18.582,1732,9,37.412,,4,17324,,5
62375794,2019-07-23 20:31:48,2019-08-20 17:15:58.199,3080,4,27.516,2,83,30800,,17035
55341592,2018-04-17 02:00:50,2018-04-21 02:18:53.891,8556,16,73.721,16,13,86168,,76899
91940545,2017-12-29 23:10:00,2020-03-12 15:51:31.573,7594,16,38.759,16,21,75940,,64789
25851120,2018-10-19 23:36:48,2018-10-28 15:23:07.385,10846,25,65.779,25,20,107438,,84654
29846621,2017-02-03 15:07:00,2017-02-04 20:38:18.171,14106,27,124.471,6,19,141127,,2
19769452,2018-02-27 21:59:42,2019-09-24 09:55:05.284,10931,5,34.498,2,21,110037,7,59351
127635244,2020-11-12 18:48:21,2020-11-12 18:53:40.681,3347,144,898.149,24,68,33515,800,2264
27596241,2017-12-21 20:31:07,2018-01-24 22:40:18.879,4230,14,67.506,7,118,41280,,39380
36438760,2017-11-24 23:17:12,2020-04-24 11:06:08.133,7849,102,548.295,38,166,78612,60,58343
105498563,2020-02-10 19:46:53,2020-02-18 22:30:34.729,3309,112,650.357,36,85,33055,25,26875
65545216,2017-06-02 19:00:00,2020-11-17 22:05:29.931,6908,7,23.926,,27,65625,,
14926160,2017-10-23 22:01:00,2018-05-29 19:10:29.668,7560,11,33.200,,16,75014,,13165
80303179,2017-07-12 20:17:00,2018-04-17 08:24:54.189,745,2,8.719,,8,7452,,
75296038,2017-05-08 19:28:00,2019-06-23 03:06:48.95,1848,12,33.274,10,57,18526,,9176
63429495,2019-05-16 15:49:55,2019-06-12 14:59:12.246,2042,982,5879.306,450,26,20447,1788,542
36252319,2017-02-10 20:41:00,2018-05-05 03:04:04.442,12018,33,106.818,32,135,120274,,101898
58008608,2017-01-01 18:47:00,2017-01-02 21:56:40.35,2187,241,1421.953,132,29,21889,974,2335
71111081,2017-02-16 11:25:00,2018-02-22 15:28:03.046,3943,1,4.383,1,20,39361,,1119
16976635,2019-06-28 19:09:44,2019-07-17 11:49:33.807,702,120,344.842,74,48,6857,60,2718
141084269,2020-11-05 21:46:53,2020-11-06 19:37:33.698,2977,30,155.506,30,78,29776,,
118359466,2020-10-07 20:01:56,2020-10-07 20:14:03.427,7296,40,133.713,24,32,73010,,27212
36917615,2017-11-13 17:57:00,2017-11-14 18:38:51.022,13020,38,126.564,3,66,129830,,101325
142711328,2020-08-27 20:55:12,2020-09-16 12:14:03.708,3238,60,350.043,40,112,32362,10,7945
97369753,2017-11-09 22:14:00,2018-01-04 18:23:08.916,7096,42,130.058,1,68,70960,,33409
122221303,2020-05-28 19:14:05,2020-06-23 18:08:42.36,7053,47,152.087,47,59,71073,1708,28399
100716190,2020-03-06 23:16:42,2020-04-05 10:52:09.763,4850,445,3294.968,246,60,48519,80,454
32525617,2016-12-28 23:13:00,2017-11-26 22:43:54.518,3014,12,93.028,12,40,30087,,22872
94584271,,2020-01-13 07:16:11.154,9721,35,187.144,19,151,96675,110,35441
51121477,2018-01-26 21:49:37,2020-03-16 14:18:57.95,1159,29,209.068,9,29,11590,,365
58689640,2018-01-26 17:11:02,2018-01-28 09:11:25.121,1577,200,1118.465,173,57,15824,,55
139332161,2020-05-12 21:11:47,2020-07-04 12:14:16.99,4666,30,103.001,,26,46660,,22925
24330835,2017-04-07 13:48:00,2017-04-25 01:53:34.456,11997,352,2186.906,75,16,120010,180,191
75407968,2019-11-17 22:55:37,2019-12-01 17:47:00.406,2834,42,157.363,,31,28304,,49
104199551,2020-02-04 16:24:40,2020-02-09 23:04:28.156,2982,13,67.158,7,137,20907,,14616
131681951,2020-12-17 23:52:56,2020-12-23 04:38:57.888,1679,4,13.101,1,13,16863,,1339
29683408,2019-03-09 07:46:01,2019-03-16 18:42:15.971,1157,46,163.908,1,23,11558,,32
82797956,2018-04-25 09:23:31,2019-07-07 21:19:45.609,4006,6,22.798,6,17,40173,,2562
53653549,2018-10-27 22:49:20,2020-04-10 20:10:06.926,10709,55,175.664,10,89,107034,,401
138300320,2020-07-21 01:33:05,2020-07-21 14:22:34.379,8395,30,105.050,25,43,83893,,60070
50638646,2017-11-26 22:03:00,2017-12-27 10:28:20.555,1252,1,7.571,,36,12475,,11816
97985875,2020-01-12 10:14:18,2020-01-30 16:58:10.615,13114,9,19.967,9,92,131158,,100593
74523873,2017-06-07 11:59:00,2017-11-03 19:33:29.591,2603,6,28.706,,31,26030,60,7
91390163,2017-12-25 23:28:20,2020-01-06 23:19:54.095,4468,2,6.236,,50,44680,,1123
86109668,2017-03-10 00:24:00,2020-10-18 23:02:15.894,7542,3,14.780,3,23,75753,,
132354622,2020-11-22 20:05:22,2020-11-22 20:30:03.859,1991,134,866.722,69,17,20049,250,18511
10804530,2019-02-19 21:03:02,2020-03-28 10:51:02.577,787,11,32.225,,15,7871,,3
72760924,2018-02-13 02:50:17,2018-02-21 01:02:17.051,9062,5,10.055,,43,90623,,81328
95040296,2017-01-23 02:57:00,2017-05-07 22:16:28.944,12586,50,148.955,31,68,126482,,30271
45745461,2017-01-15 21:55:00,2017-12-07 18:09:38.342,10072,4,17.957,3,16,84967,,73138
26810772,2019-07-24 02:38:25,2020-11-04 07:51:31.937,11656,571,4996.207,55,6,116528,6950,
149546752,2020-12-30 22:20:16,2020-12-31 12:08:14.177,1420,20,82.743,7,90,14128,,160
88420439,2017-04-30 19:10:00,2018-12-05 11:41:25.659,1781,22,83.478,2,5,17783,,12227
130777371,2021-01-03 10:11:46,2021-01-03 10:26:43.904,2458,1,8.445,1,16,24580,,24146
89636059,2017-11-27 15:29:30,2018-06-24 22:57:53.723,6344,2,6.453,,23,63154,,51711
91148025,2017-08-30 23:00:00,2017-10-09 11:17:10.349,1818,17,83.294,6,40,18174,90,12119
39606449,2017-10-01 11:51:00,2018-02-13 13:07:19.315,7762,26,81.343,,10,78898,,5334
77826953,2018-02-06 14:29:11,2018-11-23 03:08:23.179,5683,31,159.962,17,26,56824,120,43949
20588707,2019-03-25 05:25:31,2019-03-28 00:09:42.872,1530,1,7.625,,,15299,,6
116021246,2020-12-05 08:48:59,2020-12-05 08:56:19.28,10536,34,124.615,4,83,105388,,78043
149577894,2020-06-25 20:40:00,2020-10-23 20:42:27.901,12442,7,35.625,5,25,124475,,119041
51091796,2017-04-22 03:06:00,2017-05-04 12:29:14.87,2071,15,46.647,,27,20654,,7
141140680,2020-12-05 20:16:20,2020-12-28 00:31:48.13,167,678,4305.814,49,32,1669,,8
36665869,2017-04-05 14:57:00,2018-09-04 09:08:51.992,8140,44,234.501,44,47,81340,268,10279
72579000,2017-06-27 16:45:00,2017-12-17 16:48:43.49,6179,38,117.220,5,38,61790,,19909
127845621,2020-03-10 10:22:52,2020-11-05 19:49:02.177,12091,825,5235.866,531,53,120918,34065,22277
96566349,2017-12-06 23:17:40,2018-01-26 17:51:08.614,10852,30,86.079,27,16,108727,,107314
81657584,2017-02-25 22:29:00,2017-04-13 11:09:39.42,821,31,177.356,13,16,8254,,4003
92320105,2017-03-02 22:09:00,2018-09-15 10:01:51.901,2617,1,2.975,,4,26171,,4022
14798518,,2017-06-14 03:14:43.573,12860,9,34.870,,125,127226,,239
113357333,2020-06-13 18:36:33,2020-06-15 12:51:34.693,15042,10,38.445,9,91,151066,,41968
57439546,2017-02-06 10:30:00,2017-02-06 12:35:18.747,6472,1,3.979,,52,64843,,2445
45610589,2018-01-05 17:38:01,2018-09-05 21:19:04.871,12774,1,8.994,,91,127137,,103056
100963030,2020-02-05 19:43:02,2020-06-16 22:08:27.242,2693,43,132.556,15,44,26910,,18398
53227050,2018-03-05 00:38:33,2018-09-23 00:26:06.692,5535,10,50.857,,28,55351,10,69
17539074,2019-09-01 23:28:45,2020-03-26 21:51:07.332,2034,2,6.234,2,28,20347,,15120
146596930,2020-03-17 02:06:14,2020-03-17 02:10:00.737,6634,11,44.751,11,32,66174,,37005
46250085,2018-08-23 01:37:27,2019-04-03 02:49:03.976,1559,214,807.272,45,93,15560,,817
131669340,2020-05-29 10:57:52,2020-07-13 23:46:49.605,1236,6,44.190,6,1,12358,,1
26573430,2016-12-02 18:46:00,2017-01-19 13:44:16.925,8210,14,51.951,,,81766,,3
36581624,2017-02-24 09:19:00,2017-03-13 08:10:25.917,2220,22,73.907,3,46,22318,,170
90807144,2019-01-28 00:57:24,2020-03-09 15:38:54.627,1458,44,356.334,,8,14564,,6209
29378193,2019-05-17 23:10:58,2019-05-18 12:40:09.09,1368,43,45.716,32,38,13664,,3471
132159004,2020-11-04 10:27:53,2020-11-04 10:30:41.414,1098,52,281.841,4,31,10997,60,2263
128255299,2020-08-13 23:19:31,2020-08-14 18:13:33.104,1174,80,442.837,5,96,11734,42,3344
12526323,2018-04-04 07:42:26,2018-04-04 09:04:06.74,3447,105,539.065,67,3,36296,350,1769
47224550,2017-11-25 20:51:00,2018-01-22 20:09:54.867,1592,1,5.095,,128,16000,,15766
82894770,2019-12-12 12:08:25,2020-04-06 13:22:50.58,4388,24,238.991,24,26,43290,,
81473121,2018-04-14 22:27:03,2020-03-24 14:27:19.075,10628,5,16.990,,14,106232,70,58366
11430297,2018-09-27 23:52:32,2020-07-26 02:53:17.415,9420,428,3833.218,122,65,92706,1430,19499
101633852,2020-02-04 15:18:16,2020-03-18 20:13:14.114,7918,3,5.503,,54,78343,,72238
85952806,2017-10-03 11:14:00,2017-10-06 19:40:37.516,9080,4,13.036,,9,82912,,1641
90392315,2017-03-07 17:42:00,2017-07-08 01:35:11.683,7611,25,78.336,,39,76104,,59714
125248060,2020-12-20 13:59:26,2020-12-20 14:23:37.67,3150,13,45.724,,116,31477,,12
35904983,2017-02-13 02:18:00,2017-02-16 18:26:39.14,2760,15,81.402,7,9,27594,,757
144932237,2020-03-27 22:46:11,2020-05-06 11:09:22.911,1838,6,30.035,2,4,18312,,10
20143385,2017-11-08 20:29:00,2020-05-13 07:58:42.712,3719,1,5.049,,97,37200,,30908
120013675,2020-12-25 02:56:49,2020-12-27 13:29:24.154,832,10,23.420,,37,8320,,945
73994296,2018-10-05 05:16:39,2018-11-02 02:35:48.631,2560,55,201.665,35,28,25894,,10991
33213567,2019-04-27 11:58:04,2019-05-03 18:02:02.816,1371,1,2.995,,47,13741,,11300
68331272,2017-11-25 21:08:11,2017-12-04 07:40:23.952,11838,4,24.733,,100,105084,,38285
75046460,2018-12-04 16:56:00,2019-05-18 05:19:24.45,2876,5,16.997,1,111,28986,,22610
23177436,2017-05-11 09:09:00,2017-06-01 21:13:37.01,12060,23,68.438,17,7,119067,,2460
81892210,2018-06-08 01:17:05,2020-12-12 21:41:41.343,2377,271,1739.204,245,93,23810,365,11745
89791084,2017-06-05 09:37:00,2019-01-29 03:22:34.901,8136,10,34.155,1,27,81480,,20531
38337713,2017-05-05 21:26:00,2019-12-19 00:11:40.864,1284,21,59.338,19,33,12816,,646
22743243,2018-06-11 03:51:19,2018-12-19 04:37:31.018,2234,2,5.934,,26,22339,,
138447387,2020-11-12 09:42:57,2020-11-26 15:57:38.521,2500,1,1.584,,101,24953,,22098
106707984,2020-02-21 12:20:30,2020-05-09 13:26:13.2,494,117,417.874,75,75,4941,,227
48156819,2017-10-27 19:35:00,2019-03-31 01:46:51.93,2068,34,116.790,,48,20475,,7830
113521707,2020-04-02 10:44:23,2020-07-20 23:27:47.051,7608,1,5.342,1,113,77925,150,52148
11095208,2019-04-26 18:45:15,2019-04-27 20:48:35.595,1076,79,248.481,55,60,10759,,230
65806317,2017-02-25 23:52:00,2017-07-11 20:04:14.902,9314,6,16.098,,66,92957,,5771
52929494,2017-01-21 23:29:00,2017-04-22 22:34:22.266,8210,34,103.339,,14,82151,,11138
40829251,2017-02-02 19:26:00,2017-07-23 17:53:18.724,14336,19,60.312,4,39,139681,,116827
101016871,2020-02-20 22:10:39,2020-03-11 15:08:27.622,11262,2,5.868,,93,112612,,92913
51877541,2017-11-25 22:41:00,2020-05-21 09:59:17.846,5090,106,573.060,20,47,45232,200,36572
83221047,2020-01-01 21:29:31,2020-01-16 00:31:40.213,3775,101,428.401,92,48,37773,100,13990
47531806,2018-09-25 21:43:13,2019-07-16 13:13:30.674,4591,27,107.645,22,17,45903,,29943
79323102,2018-07-29 18:03:20,2021-01-05 00:23:20.576,8417,1,3.070,1,168,84170,,43617
10046571,2017-02-05 08:45:00,2017-03-08 23:32:24.854,11549,39,115.432,,99,112513,,13883
54300027,2018-09-19 08:30:49,2020-11-19 15:19:09.782,1262,36,236.172,29,17,12618,,11396
67166045,2017-04-05 13:06:00,2017-04-17 14:38:20.528,7196,3,8.537,,76,72048,,6547
67915362,2019-04-19 23:10:26,2020-11-26 10:54:21.814,6717,10,31.654,8,35,50119,,14958
33986800,2017-06-20 12:31:00,2017-07-08 22:21:13.293,10982,5,35.126,2,24,79828,,65952
78957851,2017-11-10 21:48:24,2019-11-23 05:59:41.344,2730,17,55.332,17,6,27911,,1552
11947365,2017-03-11 12:27:00,2018-11-19 01:52:56.778,14540,8,24.781,8,24,145177,,95547
90325748,2017-03-15 20:00:00,2017-07-28 22:58:42.287,3610,32,147.092,31,31,36100,70,23914
147555477,2020-12-18 03:39:19,2020-12-22 04:44:41.461,2277,21,67.254,,18,22804,,18019
103307341,2020-03-01 21:29:40,2020-03-13 00:18:16.686,2690,4,10.647,,31,26586,,12178
56710840,2017-12-26 22:30:05,2019-01-17 02:42:56.126,1175,13,51.439,,42,11747,,9280
98763680,2018-04-19 23:48:18,2018-06-05 19:44:50.677,254,79,331.708,,37,2539,,1
33668538,2018-04-06 19:05:50,2018-08-21 02:10:35.375,2434,46,147.503,,29,24335,10,2296
25691585,2016-12-11 12:16:00,2017-09-14 10:20:38.398,7132,10,46.844,,6,71254,,56923
21723311,2017-08-29 09:24:00,2017-09-16 11:58:07.666,10244,7,20.605,7,2,103929,,94629
76845364,2017-06-11 15:31:00,2018-10-05 22:25:07.18,420,6,19.164,,13,4182,,9
61505187,2017-05-10 08:17:00,2018-02-23 00:02:44.634,13616,36,124.424,1,12,134882,,27335
114537070,2020-08-12 18:00:16,2020-08-23 03:10:03.727,9340,4,22.300,4,7,93270,,67665
115114001,2020-11-11 11:56:07,2020-11-11 16:12:56.705,2132,65,232.277,11,38,21309,,11485
52090860,2018-03-01 19:05:50,2018-03-11 12:25:14.61,13300,28,84.723,1,43,135084,,104244
44120170,2017-05-07 20:18:00,2017-06-08 23:17:46.358,3149,42,139.442,4,34,31512,,18921
45264943,2018-12-13 12:43:57,2020-10-19 21:44:21.861,2766,2,21.028,,5,27664,,
85381086,2018-01-20 11:33:21,2018-07-27 21:13:37.115,10678,4,19.896,4,30,107864,,4554
72005714,2019-01-06 21:24:29,2019-09-18 05:27:55.676,15802,295,980.762,219,61,158402,178,35247
103486705,2020-01-29 22:34:49,2020-03-25 23:48:15.875,612,61,201.303,2,15,6091,,152
50510297,2017-12-25 03:09:17,2017-12-30 13:58:28.528,13560,28,88.715,13,73,135653,,5979
62924751,2017-09-04 21:41:00,2017-10-07 20:39:22.422,7386,16,63.091,11,73,75625,158,55070
131663668,2020-10-20 04:07:33,2020-10-20 23:51:44.429,6782,43,117.175,3,92,67451,60,8552
17645885,2017-09-20 10:38:00,2019-12-02 19:35:54.27,14428,45,110.169,22,23,144288,,91017
82172319,2017-05-29 22:44:00,2017-07-17 18:36:29.544,9290,36,120.218,,19,89959,,3775
42139903,2019-04-30 23:54:31,2019-05-01 00:49:02.123,1171,25,87.855,1,24,11709,,7164
86565608,2017-11-25 19:25:21,2018-09-01 15:52:54.799,1017,1,5.610,,18,10200,,7022
126585096,2020-05-11 10:16:16,2020-05-11 14:05:20.041,1146,1,1.798,,6,11452,,207
79252265,2017-11-26 21:52:56,2018-02-09 14:18:41.12,236,6,24.877,,5,2360,,36
126097543,2021-01-02 19:08:21,2021-01-02 19:21:18.943,12117,187,852.722,177,55,117821,,63225
23655243,,2017-01-20 01:12:21.33,15308,11,68.827,,11,152072,,3340
96869300,2018-01-29 20:58:29,2018-12-23 19:57:25.154,4175,5,16.892,4,4,41748,,103
28298344,2017-11-01 22:22:00,2019-05-06 16:11:45.439,864,1,5.714,,1,8650,,
109900905,2020-02-28 21:14:40,2020-07-26 07:15:20.076,3486,19,77.348,19,46,34841,,20965
76189914,2017-12-09 18:12:00,2019-06-27 15:32:09.535,6336,1,5.630,,12,63310,,58805
123909505,2020-09-10 16:33:18,2020-09-10 17:37:02.091,9609,14,44.262,5,114,96093,15,990
62724217,2017-04-20 12:36:00,2017-07-08 11:24:29.339,1305,7,37.013,3,233,13008,49,7462
57815553,2019-08-05 18:43:14,2019-11-18 12:40:05.676,444,3,27.558,1,78,4437,,2
63916587,2017-03-15 18:04:00,2017-06-26 18:29:07.021,3688,63,195.341,39,65,36947,,34142
15424246,2018-02-06 17:50:21,2018-08-16 14:45:28.596,8061,2,7.359,,35,80680,,57697
14067788,2017-04-09 19:23:00,2017-05-25 01:39:21.041,1336,3,3.942,,71,14102,,14086
123210540,2020-03-20 19:13:41,2020-05-06 16:33:25.701,1592,1,2.603,1,9,15912,,3
98004062,2017-08-25 19:47:00,2018-11-15 09:28:43.966,5462,5,16.047,5,84,54798,,41798
90256001,2017-01-28 04:50:00,2020-02-12 02:26:23.063,8236,1,1.898,,4,82659,,
66000865,2017-03-11 00:37:00,2017-05-29 23:37:16.32,13060,22,90.594,,44,128087,780,21025
56623213,2018-12-06 03:15:27,2018-12-08 21:12:05.842,10648,4,15.409,,3,106719,,95458
84158209,2019-05-06 21:22:50,2019-06-20 00:25:05.329,13828,73,310.267,26,33,138225,,31
49673662,2019-02-16 16:21:25,2019-04-02 12:48:20.871,7146,7,29.984,7,33,71516,,39917
10414549,2017-11-02 21:57:00,2017-11-08 19:50:19.212,4929,59,465.653,58,13,49235,135,3867
69242143,2017-12-12 11:46:00,2017-12-12 17:34:28.181,14976,20,71.972,20,10,151482,,128046
140708573,2020-12-15 20:40:50,2020-12-31 20:47:32.949,572,979,4202.139,280,113,5719,5578,
110196669,2021-01-13 02:31:40,2021-01-13 02:35:21.086,2522,8,18.804,,8,25212,,
76651656,2019-08-24 01:00:33,2019-09-12 19:40:25.163,1879,74,559.042,28,27,18795,,162
41466822,2020-01-04 23:33:35,2020-12-02 19:40:39.479,203,15,58.589,1,8,2032,,51
74541265,2017-02-10 23:49:00,2020-02-14 10:49:44.104,7596,64,248.356,3,46,75968,,21058
32681396,2019-01-01 23:51:12,2019-02-11 21:32:17.607,3198,1,1.123,,42,31980,,27037
15420526,2017-06-30 08:07:00,2020-09-27 14:18:04.688,3316,42,137.959,12,6,33269,,25
92428350,2017-11-25 19:51:51,2019-02-07 11:48:17.167,7761,259,1476.681,1,51,77610,200,2503
11029812,2020-01-28 19:26:06,2020-09-28 23:05:52.649,10872,2,12.715,2,41,108773,,64559
46283030,2019-07-22 16:11:56,2020-05-27 17:40:19.123,15992,5,20.438,2,22,162389,,107135
80914192,2017-03-14 14:44:00,2017-08-01 06:19:36.374,2914,45,139.474,,11,29238,,10
45267270,2017-08-15 08:31:00,2019-08-12 10:38:59.565,1645,1,1.958,,64,16446,,3424
99250074,2017-12-06 12:15:53,2017-12-11 16:42:14.496,4225,33,179.788,3,80,42806,60,34927
85851178,2017-04-06 12:46:00,2017-10-14 17:07:50.199,1241,501,2582.844,378,32,12452,545,7410
136726811,2020-10-14 10:06:23,2020-10-14 17:48:46.396,11380,56,219.577,2,117,113824,,87607
80505666,2017-12-18 12:44:03,2018-02-18 10:19:05.866,2592,5,35.075,1,20,25924,,1782
125580022,2020-03-15 12:11:20,2020-03-24 18:22:11.684,1010,1,2.177,,69,10100,,9808
142613183,2020-05-25 16:08:52,2020-05-27 22:10:58.401,5442,3,6.722,,16,54483,,1931
33166393,2020-01-28 21:27:39,2020-01-29 06:22:14.508,1996,9,38.685,1,26,19959,,6
30262102,2018-08-25 00:23:32,2018-08-25 17:15:12.711,14340,3,15.745,3,25,143405,,106246
149694744,2020-12-07 04:01:29,2020-12-07 04:08:21.63,8608,71,236.127,,43,86289,,62967
86497710,2018-09-04 12:15:24,2018-09-06 13:04:22.488,6614,299,1716.201,230,11,66234,1555,3626
122788443,2020-09-08 17:54:23,2020-09-20 19:25:16.221,9141,10,44.773,,157,87800,,30722
13971417,,2017-09-08 04:00:08.431,3824,296,1772.413,240,69,39934,3044,5264
20671256,2017-11-25 19:40:26,2018-03-24 13:12:51.188,636,32,105.662,4,17,6370,,238
49445787,2017-04-16 23:36:00,2017-05-18 22:56:46.636,1744,1,3.020,,17,17437,,9061
131187292,2020-06-22 01:00:32,2020-08-20 04:22:50.608,4344,145,683.463,141,249,43500,85,38965
106584933,2020-01-31 12:51:41,2020-02-15 03:01:55.988,12928,2,7.663,,31,129319,,3073
102404253,2020-02-01 21:25:25,2020-08-02 15:45:54.742,3616,2,7.035,,87,36168,,33110
16766605,2017-11-20 15:52:16,2020-02-15 23:14:45.72,2204,58,174.269,54,27,21004,,17444
37910447,2019-02-13 15:27:18,2019-07-25 10:34:32.57,3055,13,51.293,8,15,30573,,95
10943456,2017-11-16 22:04:00,2017-12-03 21:33:54.96,7360,17,46.784,16,12,73621,,51170
116886012,2020-11-17 22:00:48,2020-11-19 22:06:37.669,4214,611,5335.142,575,42,42135,315,41039
28736122,2017-12-22 20:32:00,2017-12-31 10:18:29.312,12062,42,145.878,32,1,119982,,572
96495244,2019-12-30 12:50:05,2019-12-30 13:09:07.293,1257,1,1.516,,7,12572,,1
70636956,2017-11-18 20:30:33,2017-11-27 13:30:12.668,7156,25,100.826,22,45,71211,,2529
56347329,2019-06-30 23:32:17,2019-08-02 01:06:37.635,1077,3,15.234,3,15,10768,20,273
96775260,2019-12-02 00:42:53,2020-02-29 00:49:51.836,2410,72,248.639,60,31,24098,25,18108
21406932,2017-02-15 02:01:00,2017-02-26 00:48:08.114,6402,82,374.651,46,11,63976,,40465
39874870,2017-03-07 17:43:00,2017-03-14 07:05:45.436,4246,104,923.349,2,31,42361,360,1121
77525556,2017-09-18 21:50:00,2018-11-17 04:27:22.414,3386,3,10.055,,160,33913,,21656
94778968,,2020-02-08 11:26:49.169,2804,26,66.701,9,63,27922,,13646
125321030,2020-11-04 21:11:23,2020-11-12 10:40:37.426,2988,28,112.179,8,252,29742,,6162
34913170,2018-09-21 05:17:10,2019-05-30 19:15:19.607,3907,71,357.044,,54,39072,,6
143692062,2020-08-05 16:31:11,2020-08-06 10:51:09.533,10625,36,105.933,13,24,106249,,11342
56692097,2017-06-08 19:17:00,2017-06-15 23:52:11.418,4828,7,17.385,6,52,48224,,44104
130475182,2020-12-24 10:42:00,2020-12-24 10:43:59.758,12239,26,90.984,13,46,122683,,609
64543828,2018-02-21 21:08:52,2020-02-11 07:14:24.205,1886,3,8.721,,17,18721,,814
36474473,2018-05-06 17:32:41,2019-10-24 16:16:35.777,1457,38,116.907,,27,13701,,766
25180050,2017-11-27 14:42:00,2018-11-13 18:33:39.635,2115,105,594.145,84,13,20089,68,422
24198541,,2017-09-21 22:38:51.851,7766,12,41.699,12,19,74414,,53230
115823092,2020-05-13 18:35:06,2020-05-13 20:23:59.49,7772,3,8.288,,22,80835,,47390
132787007,2020-08-11 15:37:12,2020-08-14 21:45:49.44,901,4,16.609,,60,9007,,5559
34059216,2017-03-21 19:45:00,2019-08-14 16:18:48.421,2921,2,24.273,2,21,28328,,23122
37193850,2018-07-25 07:16:53,2020-02-06 00:42:06.09,6238,2,8.913,1,21,62255,,52871
73686962,,2019-05-06 08:53:46.215,2099,52,269.399,9,21,20890,140,5223
59821410,2019-10-27 17:15:12,2019-10-27 21:56:20.12,796,4,12.621,1,39,7962,,284
59247293,2017-05-05 17:41:00,2017-07-14 08:58:06.033,10480,49,171.965,26,85,104844,,42
52014381,2017-12-12 19:10:19,2020-01-31 20:41:35.011,3237,50,161.900,26,36,32348,120,5975
55062401,2017-07-17 13:21:00,2017-08-01 14:43:43.183,8720,41,115.628,,56,86978,,63093
33766977,2017-04-09 01:00:00,2017-04-24 10:48:43.459,8906,19,149.446,7,18,90433,,24143
41603503,2018-01-18 15:04:10,2020-11-07 15:09:03.886,732,26,117.597,22,25,7313,,2056
86355768,2019-03-31 00:19:09,2019-10-17 21:30:06.422,1850,30,133.937,8,64,18497,20,2793
130578065,2020-10-25 17:23:16,2020-10-31 01:39:59.001,12378,4,18.026,,84,123443,,56706
91677290,2017-03-06 14:59:00,2020-02-15 01:26:51.885,8128,11,57.310,,24,79157,,12791
26160702,2018-10-06 00:33:13,2018-10-27 06:21:36.95,3671,39,124.951,,5,36686,,9400
100317006,2020-03-02 23:35:48,2020-03-03 15:57:00.888,5148,2,10.794,,53,51480,,49489
18489260,2017-11-28 18:44:21,2018-04-24 19:18:20.367,881,4,11.891,,26,8810,,711
127445588,2020-05-15 07:29:00,2020-05-15 07:31:37.209,8534,50,167.612,22,40,79657,,50137
24613637,2018-06-21 22:37:27,2018-07-09 13:10:37.85,1868,54,184.449,29,17,18679,,1413
19281721,2017-03-15 22:00:00,2019-08-03 00:57:45.484,913,12,57.014,5,41,9132,,41
109022812,2020-02-26 05:03:00,2020-02-27 05:11:01.922,3599,24,115.234,21,37,36089,,211
25316749,2017-12-03 02:39:00,2017-12-08 22:22:45.852,3440,5,12.885,,24,34432,,8348
121613840,2020-12-02 12:17:56,2021-01-08 00:38:17.418,576,39,176.172,4,10,5746,,
70549540,2017-12-12 13:36:18,2018-07-21 05:58:17.324,602,23,113.685,2,87,6011,,755
100080927,2020-02-12 15:49:44,2020-05-10 15:39:09.383,2454,11,109.345,3,2,24569,,20
19605026,2017-11-29 08:37:59,2018-05-22 12:50:46.076,892,2,14.681,,30,8920,,52
distinct_id,,,,,,,,,,
35994213,2017-11-14 14:18:05,2018-10-22 22:50:39.912,6515,16,66.244,1,9,65141,,56804
24591686,2017-06-18 00:51:00,2020-04-22 19:59:41.598,1158,7,21.534,,13,11617,,207
145941258,2020-11-13 12:13:23,2020-12-14 08:50:12.581,12488,7,25.066,,32,123884,,2000
138255753,2020-09-04 19:48:05,2020-10-29 22:33:34.0,3104,1,6.386,,11,31034,,7513
10088753,2018-10-30 20:23:36,2018-12-06 21:57:19.134,12648,8,27.474,3,49,126483,,119503
22267510,2017-11-29 15:04:00,2018-02-09 18:36:37.471,2845,28,108.447,27,22,28465,,11441
92272122,2017-10-01 01:12:00,2017-10-03 22:57:58.45,11726,1,3.215,,109,78481,,1277
56068199,2017-01-01 21:19:00,2017-02-10 02:25:45.507,8114,75,484.759,4,31,81128,,606
19154027,2019-06-16 22:48:02,2019-06-27 14:13:34.803,1837,6,12.349,,32,18199,,2482
137454011,2020-08-30 03:36:09,2020-09-05 16:15:44.742,10006,232,842.444,206,79,100377,356,18262
133786465,2020-11-21 19:13:51,2020-12-01 08:39:32.479,6865,23,173.533,1,123,69720,,60422
27821109,2017-02-20 22:20:00,2017-07-03 07:59:13.754,5248,1,2.458,,65,52480,,50314
11782995,2018-02-17 15:18:41,2020-01-27 01:44:34.87,9989,7,16.500,6,260,97036,,63122
50046727,2017-01-25 15:32:00,2017-05-22 10:55:08.242,3182,11,22.849,,18,31917,,
149224518,2020-08-08 02:01:26,2020-09-03 15:50:52.813,2086,2,7.067,,37,20846,,6202
28673926,2017-06-01 20:07:00,2019-01-09 01:35:51.188,4718,1,3.330,,80,47131,,44929
23071132,2017-11-27 21:12:00,2017-11-27 22:11:22.351,3608,3,10.676,,62,36087,,3490
89099375,2017-02-07 22:36:00,2017-08-01 22:59:30.431,13070,1,1.298,,96,130599,,90691
63895291,2018-09-15 11:15:55,2018-10-19 21:29:22.892,8129,251,820.302,218,56,77034,395,294
84570614,2019-03-22 03:30:02,2019-03-23 01:24:24.652,3002,14,50.965,9,78,30070,,11063
84016451,2016-11-26 03:07:00,2017-07-07 17:44:23.841,5377,10,31.475,5,50,53515,,18154
78578857,2020-01-25 13:32:09,2020-01-25 19:14:08.156,13403,5,20.966,,119,133204,,103552
74232264,2017-02-10 17:14:00,2017-03-06 14:29:21.717,13404,51,180.822,6,20,130515,10,104740
92962461,2017-11-20 17:12:22,2017-11-21 02:33:33.864,8184,2,4.555,,60,81840,,62324
143750868,2020-03-06 22:11:20,2020-03-08 19:04:19.72,15852,1,1.779,,12,158477,,
47758831,2020-01-27 13:57:20,2020-02-04 01:23:55.002,10664,41,198.637,36,38,137927,120,104107
15250395,2018-06-11 22:13:56,2018-06-15 13:18:51.737,4740,2,5.449,2,46,47395,,
103726557,2020-02-01 18:20:01,2020-02-23 15:56:48.279,984,2,6.995,,1,9826,,7
29041357,,2017-01-08 17:46:08.983,7555,1,4.345,,9,75480,,101
122527396,2020-11-26 00:30:17,2020-11-26 13:17:08.428,597,4,13.740,,9,6022,,41
25757919,2020-01-24 14:30:52,2020-09-16 16:26:54.664,2632,6,20.063,6,26,26303,,17859
147004282,2020-07-01 13:35:24,2020-07-13 03:32:45.079,10120,87,521.233,86,39,83246,,64369
32548097,,2017-01-03 17:00:10.038,854,48,247.867,47,97,8551,730,3881
129184057,2020-12-27 01:43:26,2020-12-27 04:26:30.458,10498,34,116.937,,66,104852,,28260
113128193,2020-09-20 03:14:14,2020-09-26 21:27:31.849,7392,54,166.522,44,20,100174,,60271
29093780,,2017-03-21 10:33:56.252,8786,50,161.052,37,20,86075,45,55637
66993935,2017-12-22 04:43:29,2018-03-08 16:40:15.403,1668,19,94.601,,20,16694,,14
27528094,2019-02-24 21:33:52,2019-03-15 20:31:44.135,11442,28,82.401,10,29,114411,,90302
129663709,2020-09-04 08:22:51,2020-10-15 02:59:18.999,13326,169,1546.911,64,18,133261,,6501
40131920,2017-04-18 23:37:00,2017-06-16 10:23:43.002,12928,37,217.471,37,32,129089,,52528
27294246,2018-11-30 23:33:26,2018-12-10 20:12:52.861,6960,2,6.621,1,33,48706,,32573
120834015,2020-10-27 21:08:47,2020-11-16 17:06:44.395,1460,29,166.337,12,128,14622,25,9890
60320617,2017-11-29 08:40:56,2017-12-02 21:33:15.989,1020,28,83.873,,6,10251,,53
79389636,2018-08-31 00:26:07,2018-12-26 13:14:34.232,1366,5,9.417,4,44,13562,,9514
67560593,2017-04-21 13:42:00,2017-05-23 18:42:50.488,1014,2,7.191,,24,10140,,3229
44864890,2017-04-11 12:14:00,2017-04-13 11:49:55.851,6644,45,191.521,2,24,66408,,17593
82621246,2018-02-10 18:48:09,2018-02-23 19:16:44.9,2378,211,1877.597,191,24,24079,57,1088
56205130,2019-12-11 02:13:20,2020-01-10 00:37:51.578,4365,3,13.593,,51,43647,,12067
90751750,2018-11-24 08:26:31,2019-01-16 20:58:16.663,7722,35,73.116,35,113,78133,,475
90496540,2020-01-29 11:36:30,2020-02-02 08:42:51.893,2718,21,73.509,,3,27207,,4375
92574632,2017-11-24 19:41:36,2018-10-21 22:11:37.179,1482,1,7.312,,15,14861,,8658
136599617,2020-08-20 16:23:46,2020-08-21 02:44:16.57,2332,22,127.417,5,3,23416,,364
130268210,2020-06-03 17:18:06,2020-06-03 17:26:16.797,1370,6,13.035,,15,13743,,4257
148303772,2020-07-24 06:21:03,2020-07-24 10:45:03.697,824,6,26.199,1,10,8238,,1
41030705,2017-11-30 02:06:24,2018-01-27 21:23:00.903,3456,55,178.112,55,29,34560,30,29430
83182170,2017-04-15 21:21:00,2019-05-25 16:55:20.48,6008,25,109.876,2,31,60083,,3006
97426118,2018-05-06 10:41:12,2020-03-02 20:51:35.545,1358,1,2.769,,7,13286,,11
132286931,2020-07-24 23:15:18,2020-08-02 17:22:46.447,5604,12,28.444,12,16,56041,,4730
20937561,2019-07-30 21:14:54,2020-02-01 00:29:16.134,2907,36,119.439,30,11,28344,,1356
45728126,2017-05-15 16:14:00,2017-06-18 16:19:46.825,7255,7,17.230,7,13,77780,,40517
14101559,2017-02-24 22:51:00,2017-09-14 12:12:59.47,6839,3,11.451,3,20,65806,,7410
86749382,2019-06-25 18:52:39,2019-06-29 18:14:23.145,1346,896,5268.036,867,26,13453,310,2
15292466,2017-08-26 18:28:00,2019-05-07 16:08:28.995,2470,1,5.197,,42,24500,,2956
93719158,2019-12-23 19:26:35,2020-01-21 22:50:13.421,7864,17,60.478,,97,78507,80,25659
110086021,2020-10-04 06:07:18,2020-11-07 21:36:59.642,8658,2,3.197,2,64,86303,,60221
98216178,2018-09-22 18:03:21,2020-12-18 17:53:30.182,2027,95,388.369,72,41,20350,189,3170
10587940,2019-04-28 19:55:23,2019-08-07 00:57:27.489,2213,2,5.181,,143,22137,,26
110948867,2020-08-10 16:02:49,2020-08-12 11:39:29.468,6971,60,183.997,5,34,69710,,29
64265229,2017-06-13 22:04:00,2017-06-25 13:08:29.129,11428,3,8.376,,41,116200,,37155
37732000,2017-03-07 11:57:00,2017-08-19 11:50:51.516,9994,48,228.075,18,49,97769,,43026
149332171,2020-06-23 01:25:33,2020-06-24 14:46:55.016,10128,7,19.964,1,35,105222,,63876
26315260,2017-03-26 22:37:00,2017-05-06 18:59:29.339,2264,12,31.399,10,55,22610,,19801
75670579,2018-01-18 22:53:38,2018-02-27 15:08:40.39,2468,4,15.362,,18,24684,,4
77241170,2017-04-06 12:02:00,2019-08-19 22:00:07.663,8024,3,11.773,,15,80155,,65912
44297678,2019-06-28 16:20:13,2019-07-10 00:57:11.514,5212,68,113.638,56,25,52110,,37592
40871604,2017-03-19 14:48:00,2017-09-27 12:09:29.828,3269,81,498.871,,29,33688,85,1615
38150558,2018-09-24 01:58:02,2020-02-27 21:03:18.802,2892,254,962.996,154,46,27195,,5670
94304326,2017-06-21 23:27:00,2017-06-23 23:25:48.079,6878,6,41.262,5,164,68721,,57560
52407461,2019-04-22 15:17:21,2020-02-27 09:23:04.915,1381,2,5.686,,31,13810,,11112
144292985,2020-11-26 04:43:32,2020-12-01 02:59:31.159,3730,28,158.653,14,69,37465,,32534
23294609,,2020-02-07 12:41:58.997,5986,28,170.661,,7,58949,,52089
118855583,2020-09-15 17:26:12,2020-09-15 17:28:42.429,10562,102,513.924,10,83,105624,,69777
45606316,2017-11-17 20:21:00,2019-01-15 00:21:08.506,7968,3,7.253,,74,79835,,66971
88380714,2018-12-29 12:46:28,2019-02-17 20:32:38.036,4117,68,271.413,34,41,41185,,2610
70139792,2017-04-15 01:47:00,2017-04-18 02:23:38.006,9479,7,34.817,,12,94781,,201
88319133,2017-06-16 12:05:00,2018-12-19 00:21:19.697,1076,255,1249.989,248,10,10758,400,2343
86521656,2018-01-04 20:46:36,2020-04-12 17:30:10.179,6294,12,34.042,,35,63092,,59616
10492748,2017-12-31 14:25:48,2018-01-07 00:20:07.74,6198,42,139.036,2,14,62059,,1
74072206,2017-02-26 23:15:00,2017-03-07 19:22:33.285,15710,19,64.344,,6,157669,,946
62990470,,2017-11-04 01:53:26.464,6552,2,5.757,,22,65061,,13
23730887,2018-07-22 21:45:22,2019-08-22 16:31:39.991,1854,3,12.676,,25,18400,,15663
109488944,2020-02-20 09:11:23,2020-02-20 09:38:48.63,4689,7,17.503,,3,46884,,543
72987204,,2017-01-01 01:03:13.84,4667,25,99.598,10,90,46786,,42
46454390,2017-12-29 15:34:27,2018-07-17 16:14:33.751,11348,28,133.899,6,97,97143,,67903
18210146,,2017-08-24 10:55:18.014,2187,53,144.523,16,52,21879,,84
46339017,2017-02-28 22:07:00,2017-08-27 11:58:37.018,1448,9,69.427,3,37,14825,,1176
16336916,2017-01-29 13:10:00,2020-02-04 03:57:31.823,3114,2,5.498,1,49,31185,,23030
41175014,2018-07-30 13:16:20,2019-06-28 01:16:49.519,5189,2,7.055,2,60,51565,,34645
69568063,2017-08-26 18:43:00,2018-10-30 01:59:41.385,3131,76,338.255,17,64,31244,,24544
101264617,2020-02-10 16:26:24,2020-02-11 18:23:19.542,6798,13,57.756,10,24,65781,,32570
83691881,2017-11-09 03:36:00,2017-12-02 00:47:20.464,4732,141,620.730,62,22,47248,,17807
74584484,2018-05-18 10:44:30,2018-05-20 18:08:49.097,7240,12,58.227,,73,72361,,31883
46510475,2019-05-22 20:27:07,2019-07-09 07:25:09.86,11406,72,219.933,33,19,83410,,29029
92661239,2017-11-15 08:02:40,2018-02-13 18:42:16.855,3602,91,319.171,43,60,36412,,2837
75289812,2017-05-22 22:17:00,2018-06-25 22:45:38.236,1015,5,24.747,,,10148,,9
129020355,2020-12-26 13:50:40,2020-12-26 13:53:26.542,591,35,203.532,4,39,5847,,27
18860804,2018-11-04 19:50:05,2020-04-05 19:52:32.883,593,17,64.246,,8,5931,,5
72275727,2017-04-28 12:15:00,2017-07-27 17:57:09.228,8914,10,36.122,,61,88918,,458
84635135,2017-01-23 11:59:00,2017-01-23 13:51:04.847,6914,6,35.642,6,58,68918,100,3875
39690995,2018-09-04 17:32:37,2019-04-19 00:06:43.601,4624,15,59.359,11,28,46332,,1402
139853119,2020-04-15 11:34:36,2020-04-18 14:59:59.653,1356,6,22.338,2,71,13468,,269
46989656,2017-11-22 00:46:00,2018-03-26 19:38:29.355,5536,21,128.155,21,3,54603,,300
122109190,2020-10-08 18:21:18,2020-10-08 18:23:28.269,8522,8,24.431,,13,85222,,129
43484339,2019-05-31 07:17:33,2019-06-03 15:46:15.049,1526,201,1476.322,44,158,15261,290,2475
11656725,2018-12-17 18:31:15,2020-04-10 22:39:36.732,475,46,134.006,13,53,4750,25,361
78281206,2017-03-30 01:24:00,2017-03-30 06:02:13.348,1634,65,317.270,65,1,16134,238,1899
65285575,2017-04-02 16:20:00,2017-07-07 11:10:53.078,1998,37,115.191,14,51,19980,,6826
116592350,2020-10-20 21:08:04,2020-11-07 14:29:27.402,12808,38,182.756,12,26,127939,100,503
28004475,2018-11-20 01:35:16,2020-03-12 00:47:50.896,9154,47,207.722,24,67,99796,,70811
62534622,2017-02-18 15:16:00,2017-02-21 14:41:45.632,7120,67,663.606,65,14,71034,360,486
45951312,2017-11-26 21:25:49,2018-04-07 18:05:40.972,2518,90,530.188,22,106,25175,90,5086
92662411,2017-04-24 22:26:00,2018-08-04 09:19:41.821,7020,1,3.099,1,99,70092,,46684
77811306,2018-04-02 16:19:53,2018-04-04 14:13:44.194,8860,2,5.099,,10,97372,,73127
84372103,2017-03-23 13:08:00,2017-05-24 18:45:31.909,11680,5,48.539,2,14,108220,,52164
36659195,2017-04-09 11:16:00,2020-02-11 11:43:55.268,2194,82,285.242,22,2,21937,,57
57967148,2019-03-04 22:29:46,2019-09-02 10:57:00.843,1284,14,57.318,1,17,12852,,332
27822526,,2018-10-31 14:37:52.877,951,60,213.654,2,7,9501,,5
25871102,2019-01-14 08:38:42,2019-01-21 13:53:54.69,10146,39,138.919,39,52,101469,,53666
86344863,2017-11-29 00:23:44,2018-01-15 23:07:39.9,3297,3,7.929,,32,33137,,15514
78047131,2017-03-12 16:57:00,2017-04-15 02:03:38.773,14608,44,133.147,33,53,146082,60,101034
41443585,2017-05-06 22:38:00,2017-05-07 23:58:23.633,7369,180,1062.497,137,55,76596,2208,16949
30120961,2017-03-27 10:38:00,2017-09-16 09:31:35.973,2724,106,814.337,3,3,27246,,71
95518425,2017-02-21 19:54:00,2017-06-10 22:58:35.574,10646,14,38.613,13,64,106245,,94125
77030211,2017-03-13 18:26:00,2017-04-11 11:32:27.094,15188,2,11.436,,13,151878,,1706
107286440,2020-02-11 00:20:09,2020-02-14 09:28:57.813,6164,31,110.147,11,82,61648,,23908
129091999,2020-09-02 11:26:44,2020-09-02 12:11:49.176,6662,20,103.920,7,48,66645,,55711
35406873,2017-11-15 18:03:05,2017-11-20 15:53:12.703,8920,52,180.505,12,56,91117,,29147
96254679,,2020-03-21 13:20:28.2,1556,37,129.564,,35,15565,,7682
40342473,2017-06-25 00:05:00,2017-07-09 01:32:54.935,3797,1,5.460,,11,37930,,52
26319941,2017-11-28 06:59:00,2018-06-12 18:24:40.429,7460,1,7.033,,6,74600,,52
119427350,2020-03-12 17:37:50,2020-03-14 09:32:42.423,6638,4,12.504,,11,66390,,390
136876841,2020-08-26 21:30:42,2020-08-28 21:49:56.766,4811,2,10.138,,102,48115,,30
75226730,2016-11-26 03:30:00,2017-06-24 21:34:37.708,9862,44,305.726,1,33,98259,,
148576258,2021-01-08 16:07:01,2021-01-08 16:15:09.179,1976,45,240.294,32,50,19742,,10286
71321311,2017-06-15 09:37:00,2017-06-15 18:14:56.951,12916,4,15.469,,43,127058,,50456
45408595,2018-04-06 16:37:42,2018-04-07 14:49:40.304,4856,4,9.984,,30,48007,,1585
80691421,2017-01-24 11:58:00,2017-11-01 19:03:39.452,7200,46,129.973,40,16,71195,,55039
118301135,2020-05-19 03:30:36,2020-12-25 07:31:42.441,15448,3,7.360,3,75,146202,,130282
121207053,2020-08-20 17:30:58,2020-08-21 01:08:57.1,4249,7,18.266,,52,42484,,151
10124515,2018-03-30 12:20:44,2020-07-29 13:58:47.79,6546,5,19.402,,37,65500,,46848
59279883,2017-02-08 17:15:00,2017-05-19 19:43:53.642,7960,12,24.429,,13,76814,,53515
38564551,2018-01-28 12:14:12,2018-08-02 16:42:31.06,4128,1,3.710,,96,41141,,39296
45204803,2017-01-10 08:57:00,2017-01-27 11:36:34.352,11312,2,16.329,,17,109452,,17208
122884404,2020-03-09 18:27:35,2020-11-21 14:34:50.271,2071,249,2008.347,7,7,19990,2430,
126846890,2020-11-06 15:05:30,2020-11-06 15:08:52.132,907,31,137.304,16,5,9063,,1893
142451795,2020-04-30 10:18:25,2020-06-06 18:44:00.476,2163,50,207.779,10,29,21624,,21
82875282,2017-11-10 10:31:12,2020-02-07 09:33:30.876,8248,63,98.718,48,19,82814,,46670
42313204,2017-02-28 22:52:00,2017-06-26 18:55:46.576,6969,41,154.480,,50,69298,,53689
97488447,2018-08-15 12:36:51,2018-08-23 11:22:44.493,9035,68,240.921,4,34,90379,,34812
69822141,2018-12-31 21:27:43,2019-02-02 15:14:55.66,1159,12,34.928,,4,11591,,7
71685332,2018-11-12 02:29:37,2018-12-26 00:42:02.974,8794,102,352.460,,62,87574,42,68344
65239985,2018-03-05 01:32:46,2018-03-22 22:49:09.244,13365,16,101.298,13,77,127490,7,105889
102509895,2020-01-30 13:25:52,2020-02-02 13:31:22.814,1560,47,279.088,7,32,15643,,2
21433422,2016-12-06 19:13:00,2018-10-06 07:08:52.332,958,193,1097.296,,2,9584,1748,
12903012,2017-05-03 03:04:00,2017-06-23 19:08:15.45,854,59,205.318,28,10,8541,,3320
92381475,2017-01-21 20:57:00,2017-10-22 11:36:17.362,8632,105,380.411,68,83,86349,,38740
92277068,2017-11-30 13:38:00,2018-03-20 11:06:42.261,1713,3,9.291,,235,17128,,206
95785550,,2017-05-21 12:35:29.695,6246,16,38.964,3,137,62406,,49040
101861036,2020-02-09 06:48:53,2020-03-26 11:10:47.899,15589,14,56.041,14,46,155901,,46532
139719072,2020-11-27 22:41:08,2020-12-01 17:44:14.148,2521,1,2.475,,10,25205,,30
10075951,2017-11-27 23:40:00,2020-06-03 18:58:47.301,12970,14,36.648,2,123,111538,,108613
66707830,2018-02-03 00:17:37,2018-04-12 13:23:00.057,3462,32,109.611,4,40,34673,,1267
126383374,2020-12-06 16:13:00,2020-12-21 23:49:43.678,8536,99,316.211,89,46,117887,,71547
75830396,2018-07-04 13:15:08,2018-07-27 00:47:06.574,2091,325,1037.079,197,7,20991,60,7
15527420,2019-05-08 17:41:28,2019-08-05 17:59:51.462,9346,3,19.579,1,46,93580,,18796
27517927,2019-07-24 10:31:33,2019-09-05 05:12:20.798,3778,4,14.971,,77,37771,,15765
55315825,2017-01-25 19:47:00,2020-05-12 14:16:20.061,11276,37,126.168,4,81,110903,,28681
73053295,2017-01-31 16:53:00,2017-06-10 11:16:33.473,12932,3,14.017,3,81,122147,366,113933
45990929,2017-05-18 00:24:00,2017-05-20 04:30:24.322,14578,98,424.834,97,28,143962,,75324
147523835,2020-12-13 08:57:07,2020-12-13 14:22:27.339,7653,7,28.322,,19,76531,,1
144661400,2020-10-20 22:04:20,2020-10-26 23:14:00.437,1194,24,127.591,2,48,11948,70,11280
101577259,2020-02-05 02:39:04,2020-02-10 13:13:31.965,1107,22,83.315,,21,11071,,9110
89437772,2017-06-21 01:23:00,2017-09-21 22:23:21.597,5418,31,170.072,3,43,54175,,13346
86284904,2019-08-01 04:31:57,2019-08-07 21:01:48.663,2771,2,8.687,,4,27710,,
66588752,2017-03-04 10:54:00,2017-03-26 23:39:24.062,12144,240,1259.105,155,24,121521,42,26
92636736,2018-02-20 08:12:56,2018-05-01 17:30:33.975,6054,3,11.286,3,19,60528,,32877
57421904,2020-01-28 12:44:45,2020-02-06 01:03:30.776,11404,5,19.676,,19,114040,,89281
22436707,2018-06-22 15:03:54,2018-06-28 23:44:35.484,9818,89,152.555,89,10,98186,,36
147900044,2021-01-19 12:09:20,2021-01-19 16:09:44.398,2041,22,121.007,,15,20388,60,20178
137506269,2020-06-18 05:01:45,2020-06-18 05:16:11.782,3584,62,459.768,1,75,35011,117,16198
46733523,2018-05-18 02:38:47,2019-02-10 01:28:51.51,11102,17,59.577,13,6,111149,,2806
24521800,2017-04-25 21:22:00,2017-08-01 19:09:34.498,4134,20,52.417,17,7,41342,,
78539044,,2018-07-14 02:09:05.089,1696,4,17.935,,53,16959,,3501
79855468,2018-12-27 05:15:20,2018-12-28 06:15:49.236,6306,2,9.151,,19,63180,,61214
14184314,2017-03-08 01:25:00,2017-03-19 17:08:15.163,12436,35,124.268,,22,124301,,74170
79492459,2019-10-01 23:57:51,2019-10-26 11:44:55.641,1348,9,40.262,,22,13480,,4
101355318,2020-02-06 20:55:03,2020-02-08 13:40:21.937,2244,368,2974.373,266,25,22574,805,161
88964870,2017-11-25 08:44:00,2019-07-02 01:23:25.211,3804,5,34.392,,3,38035,,9
70307403,2017-03-27 04:56:00,2017-04-28 11:59:09.76,1390,2,4.682,,77,13890,,6024
94156868,2019-02-17 23:29:02,2019-02-23 00:32:01.603,1213,7,31.940,,16,12139,,8
34180047,2017-11-26 17:01:00,2017-12-17 19:29:27.811,7150,21,55.769,21,25,70711,,4583
85869652,2018-09-05 00:52:03,2020-01-19 21:40:03.063,6040,36,121.907,4,15,61082,,37143
122984776,2020-12-27 02:05:43,2020-12-30 00:40:50.24,4650,1,6.264,,7,46495,,
44371463,2018-03-13 16:50:54,2019-11-17 19:11:41.996,2002,190,1344.664,1,8,20019,,13
129468241,2020-12-19 20:41:01,2021-01-14 01:22:49.614,2062,492,2880.198,366,56,20136,,20101
85270678,2017-08-27 21:25:00,2017-09-26 12:26:12.548,13050,1,2.029,,7,130504,,198
87783282,2020-01-23 19:04:40,2020-04-24 01:54:10.639,2523,9,51.246,9,69,25441,,19402
78445094,2017-04-17 21:22:00,2018-02-25 13:21:09.367,1464,100,658.980,10,31,15753,10,5098
12148162,2019-04-23 19:53:28,2019-04-25 17:45:56.128,2638,8,95.526,,56,26353,,17202
96484954,2017-02-07 19:32:00,2017-03-07 07:45:00.957,4914,34,106.444,2,75,49203,,28736
121998208,2020-06-22 02:34:26,2020-07-05 22:19:25.865,3699,4,12.754,,54,36953,,11823
78231747,2017-07-22 22:22:00,2017-09-04 12:38:48.515,4102,1,6.400,,22,40411,,535
81681868,2017-01-23 23:17:00,2020-09-23 19:02:45.709,3036,1,3.696,1,3,30388,,130
20676513,,2017-11-14 20:01:14.981,2880,5,23.425,4,52,28779,,26301
109082903,2020-03-06 15:23:52,2020-05-06 10:13:27.361,7049,1,3.037,,38,69206,,54065
42807693,2019-02-11 23:55:12,2019-04-20 15:30:00.443,4443,58,185.577,55,18,44400,,6909
32814096,2017-03-16 14:02:00,2020-06-06 17:57:46.956,12312,8,28.231,,14,123121,,11274
83088623,,2019-04-27 00:18:13.363,8944,43,150.148,,94,86894,,37119
145467889,2020-10-08 19:22:35,2020-10-08 19:30:12.011,2847,8,35.513,1,222,28510,,18478
77181687,2019-04-03 15:30:40,2019-04-03 21:00:53.1,2992,11,34.874,,22,29915,,15030
141384133,2020-12-04 22:52:37,2020-12-07 22:40:49.961,4086,10,38.589,4,70,40879,10,31379
83289650,2017-09-01 17:14:00,2019-04-14 17:04:49.592,13202,1,3.438,,39,131796,,68042
73317865,2018-04-15 20:18:48,2018-12-22 20:00:04.894,764,3,10.046,,100,7637,,2145
23339202,2019-09-04 22:27:30,2020-07-27 21:46:36.724,10324,51,129.625,4,169,101753,,46334
58377533,2017-04-09 08:30:00,2017-06-17 14:35:24.668,8160,5,17.647,,14,81661,,352
120785068,2020-10-15 20:57:12,2020-10-18 23:47:11.917,12084,13,51.324,13,34,122622,,54744
18176532,2017-05-07 13:49:00,2017-06-16 22:08:34.447,2304,65,269.561,13,36,23040,,3
46876274,2018-02-22 18:29:25,2020-02-07 20:08:19.562,7698,10,76.624,1,14,77112,,2880
93065585,2017-11-18 21:47:00,2020-02-14 23:50:27.122,3352,15,54.761,10,86,33504,,22963
41247375,2017-07-17 13:11:00,2020-03-17 12:44:05.055,9796,1,3.487,,57,97370,,56992
126621612,2020-06-07 21:31:40,2020-06-07 21:50:29.355,7231,3,9.270,,19,72264,,10
20712773,2017-09-27 22:11:00,2018-03-05 22:24:45.86,7037,7,29.868,4,66,70375,,390
38610448,2017-02-07 23:24:00,2017-12-09 07:29:30.273,1216,6,25.724,,17,12167,,9181
17992296,2017-08-29 21:55:00,2019-02-05 20:19:47.188,8196,6,18.196,,163,81947,,43883
89899581,2017-04-03 23:48:00,2020-02-03 03:11:54.257,984,5,24.587,3,32,9841,,6
49856887,2017-04-07 13:05:00,2017-04-22 19:44:44.233,4010,3,17.570,,,40891,,195
23228835,2017-12-24 01:34:57,2018-01-11 03:43:44.77,5648,2,12.050,,20,56498,,6749
131127623,2021-01-03 21:22:06,2021-01-05 22:40:39.675,3105,1,11.138,1,62,31050,,26236
140342725,2020-08-25 02:34:15,2020-08-25 02:41:32.903,7815,49,210.825,8,73,78203,25,19180
21233540,2018-02-24 00:50:04,2018-03-11 18:08:38.06,4082,32,104.135,15,116,40853,,32195
60313545,2017-11-19 14:43:00,2018-02-18 21:20:52.241,11814,68,197.436,43,57,118208,,1040
29022314,2018-10-03 08:37:12,2018-10-22 18:11:44.647,7804,1,2.593,,4,78036,,
84698635,2017-03-16 12:42:00,2019-07-19 11:43:12.532,3760,6,17.171,6,134,37607,,12287
87357820,2017-02-04 00:01:00,2017-12-01 22:02:15.246,6086,2,13.946,1,7,60861,,113
72991837,2017-11-25 20:09:24,2018-01-24 22:51:14.883,1752,5,30.787,3,28,17517,30,14681
116779502,2020-12-05 00:32:33,2020-12-05 00:35:46.093,8989,20,54.625,,29,89832,,68175
107691106,2020-02-06 20:18:43,2020-04-25 14:27:59.926,3272,14,38.214,11,101,32720,,23327
133600433,2020-04-06 15:06:11,2020-10-11 18:01:15.2,6433,99,311.246,32,9,65462,,1501
39922667,2018-05-21 19:53:24,2019-06-09 15:37:19.009,8471,5,35.589,3,56,86300,,74923
79310297,2017-12-07 14:41:00,2017-12-23 12:26:40.358,2222,12,59.031,9,20,22132,,
11460042,2018-11-13 23:26:31,2018-11-30 00:47:23.913,1218,125,603.024,,48,12166,60,5
64374137,2017-04-28 22:08:00,2017-05-05 19:53:52.994,1842,13,45.863,13,84,18510,,229
12596702,,2017-01-06 15:03:53.69,2158,9,33.438,,42,21757,100,8415
114665696,2020-04-30 21:25:50,2020-05-01 14:46:49.701,7816,73,323.749,73,72,78192,636,36818
70900508,2018-03-19 15:46:55,2018-07-22 06:55:18.666,643,1,4.360,,27,6430,,3
93937590,2017-12-01 19:15:00,2018-01-07 01:42:26.406,15340,5,13.245,5,11,152929,,
49039048,2018-06-30 21:59:57,2018-07-19 10:57:44.043,621,16,50.781,3,6,6204,,15
38109793,2017-05-04 12:49:00,2017-06-08 03:02:26.807,11686,1,3.127,,54,116943,,53841
47079875,2018-08-28 18:48:23,2018-09-16 22:14:25.329,6598,58,207.983,9,28,63468,,36935
11320828,2017-04-10 07:38:00,2018-03-07 16:30:04.026,10032,40,155.791,33,46,100611,,86575
129361066,2020-10-09 21:37:47,2020-10-10 19:57:30.021,495,447,3144.279,236,8,4950,4422,
49542395,2017-07-28 17:34:00,2019-03-14 23:49:18.164,1692,66,267.894,9,12,16892,,907
46254298,2020-01-10 11:33:15,2020-03-11 13:40:54.727,1598,46,173.619,40,22,15980,,6563
128579886,2020-10-30 20:49:38,2020-10-30 20:51:08.478,1292,48,247.974,5,42,12945,,1262
40583748,2018-02-04 22:55:35,2018-02-19 12:37:39.652,2078,29,203.375,10,37,20741,,18510
144615063,2020-10-26 23:42:16,2020-10-27 00:21:05.548,11292,6,14.138,1,75,110695,,6496
77528507,2017-12-27 09:48:03,2020-08-15 00:23:12.094,6150,33,195.242,31,87,60084,,30089
83440140,2019-04-27 12:40:44,2019-04-27 12:52:53.818,7752,8,25.188,8,6,77287,546,27716
96063548,2017-03-26 00:54:00,2017-03-26 02:38:32.47,11604,37,118.469,11,38,116093,,94490
18662854,2018-05-11 14:50:37,2018-07-25 10:16:37.99,1450,1,4.374,,3,14486,,
130315814,2020-12-09 18:10:17,2020-12-31 12:16:38.153,615,933,5244.188,659,99,6150,2595,273
20797389,2017-03-21 09:49:00,2020-02-28 22:13:50.201,2822,2,6.482,1,18,28212,,3
97297569,2019-03-12 06:49:19,2019-03-24 15:46:51.769,6340,18,132.942,18,83,63404,,48843
58756514,2019-02-21 07:34:46,2020-02-04 14:03:30.264,6626,4,20.188,4,62,65944,,49089
97785857,,2018-06-12 23:32:35.82,5820,43,273.588,7,34,53829,,38916
18032629,2019-05-28 10:18:31,2019-05-28 13:54:20.588,1011,22,67.186,,65,10107,,2
37422044,2018-03-20 22:04:58,2020-06-01 17:50:27.855,2222,31,115.877,6,93,22337,,4178
110148071,2020-11-27 13:29:51,2020-12-04 02:55:28.426,528,276,1616.406,268,26,5279,930,24
10671095,2019-08-09 16:04:55,2019-08-17 13:29:36.319,3700,67,215.147,60,70,36915,60,6200
62617937,2018-04-14 15:59:11,2020-02-12 23:17:29.718,12156,3,8.110,,47,121534,,2752
120825542,2020-04-29 23:29:13,2020-05-25 03:11:38.154,3185,17,58.021,8,38,31849,60,2299
76750125,2017-09-24 14:07:00,2017-10-02 16:23:45.677,5828,58,227.246,30,74,58400,,25009
88428259,2020-01-27 23:00:35,2020-02-03 03:40:02.319,764,1,4.777,,61,7640,,3647
78065534,2019-02-05 04:45:17,2019-04-05 19:23:10.41,4941,65,274.148,1,55,49589,,25381
26024371,2017-05-12 16:40:00,2020-03-08 14:42:02.129,2994,56,270.566,52,114,29951,60,22953
67175410,2017-10-23 20:36:00,2020-02-18 22:04:25.325,5249,139,526.197,52,46,52443,,2393
144727214,2020-10-21 21:31:12,2021-01-01 16:31:27.395,7188,437,3160.689,97,32,71878,6156,60020
13918961,2017-05-18 17:13:00,2017-06-19 21:47:17.564,1525,4,19.354,,23,15365,,5654
82734505,2018-11-22 09:14:55,2019-01-30 14:56:28.638,824,12,35.801,,30,8240,,24
89131608,2017-07-11 11:51:00,2017-07-14 12:43:34.421,2844,50,149.630,12,11,28434,10,517
76694304,2017-03-07 08:11:00,2017-03-30 18:19:02.648,1238,2,4.195,,72,12303,,4197
114782861,2020-03-26 15:12:56,2020-04-23 10:15:39.842,377,8,19.263,,19,3771,,396
102176660,2020-01-30 17:36:10,2020-06-17 06:26:14.244,2106,1,4.420,,41,21062,,
35450395,2018-02-05 12:22:19,2018-02-06 16:26:22.388,7340,52,350.885,29,24,73381,10,3425
98925206,2017-04-22 09:50:00,2017-06-11 14:43:45.161,8227,1,1.315,,14,82269,,23302
47733894,2017-05-09 15:40:00,2017-06-21 07:31:57.999,14459,26,210.907,11,47,141641,,97383
88630009,2019-07-24 21:59:24,2019-07-25 03:09:11.475,948,71,432.941,35,14,9511,40,4929
47452743,2019-10-25 18:19:23,2019-10-31 13:55:24.83,2529,6,20.061,6,84,25290,,23895
140924717,2020-11-23 19:28:15,2020-11-23 22:33:31.512,2701,8,28.072,,28,27008,,819
140401628,2020-10-16 14:24:50,2020-10-23 19:32:22.08,5929,437,2940.824,89,7,59294,120,
82716855,2018-01-01 01:52:00,2018-01-02 19:28:47.607,7384,3,9.839,3,33,73421,,55166
61957185,2018-03-14 21:27:55,2019-11-06 11:52:11.935,1072,1,4.021,,12,10231,,7
127652690,2020-06-14 17:12:05,2021-01-04 01:50:54.254,3881,8,39.225,3,66,38800,,36910
